{
	"table":{
		"graphicOffset":[-278.560514635754,-449.632568277315],
		"polys":[[[-76.0605146357541,452.992431722685],[-279.060514635754,530.867431722685],[-187.060514635754,452.864800143738]],[[-187.060514635754,452.864800143738],[-279.060514635754,530.867431722685],[-216.88693950622,451.867431722685]],[[-216.88693950622,451.867431722685],[-279.060514635754,530.867431722685],[-279.060514635754,-450.132568277315],[-215.890411542971,255.867431722685]],[[-215.890411542971,255.867431722685],[-279.060514635754,-450.132568277315],[-207.462475420068,238.867431722685]],[[-207.462475420068,238.867431722685],[-279.060514635754,-450.132568277315],[-200.892134173029,-123.132568277315],[-165.203188157605,60.8674317226853],[-165.209865285105,197.867431722685]],[[-200.892134173029,-123.132568277315],[-279.060514635754,-450.132568277315],[-201.883431302421,-154.132568277315]],[[-201.883431302421,-154.132568277315],[-279.060514635754,-450.132568277315],[-196.329142086734,-194.132568277315]],[[-196.329142086734,-194.132568277315],[-279.060514635754,-450.132568277315],[-187.52347105885,-224.132568277315]],[[-187.52347105885,-224.132568277315],[-279.060514635754,-450.132568277315],[-173.937965616146,-254.132568277315]],[[-173.937965616146,-254.132568277315],[-279.060514635754,-450.132568277315],[-146.71607019131,-293.132568277315]],[[-146.71607019131,-293.132568277315],[-279.060514635754,-450.132568277315],[-105.060514635754,-331.373881018627]],[[-105.060514635754,-331.373881018627],[-279.060514635754,-450.132568277315],[-53.0605146357541,-358.588213426143]],[[-53.0605146357541,-358.588213426143],[-279.060514635754,-450.132568277315],[-12.0605146357541,-369.217334862081]],[[-12.0605146357541,-369.217334862081],[-279.060514635754,-450.132568277315],[306.939485364246,-450.132568277315],[34.9394853642459,-372.257568277315]],[[306.939485364246,530.867431722685],[-279.060514635754,530.867431722685],[-76.0605146357541,452.992431722685],[74.9156758404364,452.867431722685],[306.939485364246,452.867431722685]],[[184.771575240287,452.867431722685],[74.9156758404364,452.867431722685],[176.939485364246,406.971296456985],[184.795155467339,415.867431722685]],[[230.435653946621,451.867431722685],[251.929681442677,452.867431722685],[216.107395488205,452.867431722685]],[[230.435653946621,451.867431722685],[216.107395488205,452.867431722685],[217.285942057159,242.867431722685],[230.790134714895,70.8674317226853]],[[230.790134714895,70.8674317226853],[217.285942057159,242.867431722685],[183.939485364246,207.504183859437],[179.088836013597,197.867431722685],[179.088836013597,114.867431722685],[187.470019715391,101.867431722685],[224.939485364246,65.5057295950257]],[[-179.060514635754,406.971296456985],[-76.0605146357541,452.992431722685],[-187.060514635754,452.864800143738],[-186.427181302421,413.867431722685]],[[76.9394853642459,-366.662419023583],[34.9394853642459,-372.257568277315],[306.939485364246,-450.132568277315]],[[76.9394853642459,-366.662419023583],[306.939485364246,-450.132568277315],[119.939485364246,-352.003299984632]],[[119.939485364246,-352.003299984632],[306.939485364246,-450.132568277315],[155.939485364246,-331.373881018627]],[[155.939485364246,-331.373881018627],[306.939485364246,-450.132568277315],[186.939485364246,-305.100135844882]],[[186.939485364246,-305.100135844882],[306.939485364246,-450.132568277315],[218.260623575628,-265.132568277315]],[[218.260623575628,-265.132568277315],[306.939485364246,-450.132568277315],[238.402441787342,-224.132568277315]],[[238.402441787342,-224.132568277315],[306.939485364246,-450.132568277315],[247.208112815226,-194.132568277315]],[[247.208112815226,-194.132568277315],[306.939485364246,-450.132568277315],[252.769382271462,-154.132568277315]],[[252.769382271462,-154.132568277315],[306.939485364246,-450.132568277315],[306.939485364246,452.867431722685],[251.929681442677,452.867431722685]],[[-109.060514635754,-290.849234943981],[-81.0605146357541,-313.107267072495],[-53.0605146357541,-328.019267784704],[-14.9205146357541,-321.132568277315],[-27.5431820811295,-293.132568277315]],[[-109.060514635754,-290.849234943981],[-27.5431820811295,-293.132568277315],[-30.8851899604294,-278.132568277315],[-99.0605146357541,-227.492945635805],[-108.060514635754,-227.492945635805],[-152.963499710381,-228.132568277315],[-134.031529128508,-262.132568277315]],[[-99.0605146357541,-227.492945635805],[-30.8851899604294,-278.132568277315],[-30.2048445326613,-220.132568277315],[-34.6428675769306,-211.132568277315],[-92.0605146357541,-223.412491057237]],[[-92.0605146357541,-223.412491057237],[-34.6428675769306,-211.132568277315],[-72.0605146357541,-182.218048370992],[-79.0605146357541,-184.497952892699],[-83.5915223876921,-191.132568277315]],[[-14.9205146357541,-321.132568277315],[-53.0605146357541,-328.019267784704],[-24.0605146357541,-337.674713871184],[2.53169708425594,-341.132568277315]],[[-167.916184738847,-170.132568277315],[-152.963499710381,-228.132568277315],[-118.373522765835,-219.132568277315],[-119.969605544845,-198.132568277315]],[[-167.916184738847,-170.132568277315],[-119.969605544845,-198.132568277315],[-106.126125495483,-157.132568277315],[-124.603651890656,-116.132568277315],[-138.060514635754,-108.162229294264],[-148.060514635754,-108.162229294264],[-161.517377380852,-116.132568277315],[-167.912846241972,-135.132568277315]],[[-118.373522765835,-219.132568277315],[-152.963499710381,-228.132568277315],[-108.060514635754,-227.492945635805]],[[109.010261619954,-230.132568277315],[109.050732308011,-288.132568277315],[112.939485364246,-296.457453069941],[121.939485364246,-302.581984619727],[135.939485364246,-302.009126880806],[155.651985364246,-287.132568277315],[179.939485364246,-262.154621274457],[197.300709854042,-237.132568277315],[210.842950710781,-209.132568277315],[217.788443697579,-188.132568277315],[213.488915022041,-174.132568277315],[199.939485364246,-165.212614681027],[184.939485364246,-168.224776069522],[112.531736286755,-222.132568277315]],[[-94.3254400088884,399.867431722685],[-93.6655566525608,403.867431722685],[-99.0605146357541,405.202142466487],[-187.042081456031,363.867431722685],[-181.893847969087,358.867431722685],[-101.060514635754,396.347823879548]],[[-181.893847969087,358.867431722685],[-187.042081456031,363.867431722685],[-187.475688928612,276.867431722685],[-181.204844532661,278.867431722685]],[[98.9394853642459,405.202142466487],[93.2256488862585,402.867431722685],[98.9394853642459,397.203552124023],[181.772818697579,358.867431722685],[186.921052184522,363.867431722685]],[[186.921052184522,363.867431722685],[181.772818697579,358.867431722685],[182.939485364246,276.396043619328],[187.862118158703,277.867431722685]]]
	},
	"triangleBumperL": {
		"graphicOffset":[-23.660646772352,-51.9021213423155],
		"polys":[[[-15.160646772352,23.1326276924336],[-24.160646772352,13.4563015967527],[-24.160646772352,-47.257676897871],[-17.9532561237849,-52.4021213423155],[-14.2783402952588,-52.4021213423155],[-7.25233381391682,-45.4021213423155],[36.839353227648,30.0658883119463],[36.839353227648,37.3131428455515],[29.3022320942417,42.5978786576845],[27.4438262863736,42.5978786576845]]]
	
	},
	"triangleBumperR":{
		"graphicOffset":[-36.6878931212605,-51.8566728413584],
		"polys":[[[-30.4368151323992,42.6433271586416],[-37.1878931212605,35.388192877441],[-37.1878931212605,30.7620670617111],[11.8597742215387,-52.3566728413584],[18.6250653139474,-52.3566728413584],[23.8121068787395,-47.99323425933],[23.8121068787395,14.2623747776893],[17.8121068787395,21.5756943084001],[-28.0672711633476,42.6433271586416]]]
	}
}